datetime,Price
2025-01-01 00:00:00,266.7228300510576
2025-01-01 01:00:00,274.188376753507
2025-01-01 02:00:00,291.27027027027026
2025-01-01 03:00:00,299.8534653465347
2025-01-01 04:00:00,300.40487804878046
2025-01-01 05:00:00,293.67545304777593
2025-01-01 06:00:00,296.5532786885246
2025-01-01 07:00:00,298.1023102310231
2025-01-01 08:00:00,298.3776493256262
2025-01-01 09:00:00,310.1816239316239
2025-01-01 10:00:00,307.7502374169041
2025-01-01 11:00:00,291.6086458631549
2025-01-01 12:00:00,295.0626713670192
2025-01-01 13:00:00,304.76984126984127
2025-01-01 14:00:00,314.0265700483092
2025-01-01 15:00:00,311.88
2025-01-01 16:00:00,300.0251924422673
2025-01-01 17:00:00,299.5643153526971
2025-01-01 18:00:00,303.23156532988355
2025-01-01 19:00:00,311.68341708542715
2025-01-01 20:00:00,317.86857142857144
2025-01-01 21:00:00,327.727027027027
2025-01-01 22:00:00,325.5728155339806
2025-01-01 23:00:00,335.274647887324
2025-01-02 00:00:00,336.9712918660287
2025-01-02 01:00:00,341.7936
2025-01-02 02:00:00,340.6826347305389
2025-01-02 03:00:00,351.71844660194176
2025-01-02 04:00:00,360.82608695652175
2025-01-02 05:00:00,370.6995073891625
2025-01-02 06:00:00,372.869387755102
2025-01-02 07:00:00,382.9196617336152
2025-01-02 08:00:00,385.95
2025-01-02 09:00:00,380.7127659574468
2025-01-02 10:00:00,371.9230769230769
2025-01-02 11:00:00,353.9402298850575
2025-01-02 12:00:00,353.377245508982
2025-01-02 13:00:00,342.6376811594203
2025-01-02 14:00:00,341.5166163141994
2025-01-02 15:00:00,342.10526315789474
2025-01-02 16:00:00,336.20765027322403
2025-01-02 17:00:00,331.64207650273227
2025-01-02 18:00:00,325.178
2025-01-02 19:00:00,330.7858585858586
2025-01-02 20:00:00,330.56067961165047
2025-01-02 21:00:00,357.3621621621622
2025-01-02 22:00:00,358.83365570599614
2025-01-02 23:00:00,362.9485714285714
2025-01-03 00:00:00,352.0857142857143
2025-01-03 01:00:00,331.09952606635073
2025-01-03 02:00:00,325.4691075514874
2025-01-03 03:00:00,329.0813953488372
2025-01-03 04:00:00,329.3289183222958
2025-01-03 05:00:00,328.0390625
2025-01-03 06:00:00,333.2145593869732
2025-01-03 07:00:00,332.5438596491228
2025-01-03 08:00:00,317.6545454545454
2025-01-03 09:00:00,316.6421052631579
2025-01-03 10:00:00,306.5822784810127
2025-01-03 11:00:00,298.1463414634146
2025-01-03 12:00:00,305.8474885844749
2025-01-03 13:00:00,310.00895856662936
2025-01-03 14:00:00,307.543990086741
2025-01-03 15:00:00,318.12250423011847
2025-01-03 16:00:00,327.03651115618663
2025-01-03 17:00:00,344.9008403361345
2025-01-03 18:00:00,342.41901408450707
2025-01-03 19:00:00,347.34037558685446
2025-01-03 20:00:00,349.30401529636714
2025-01-03 21:00:00,352.0731414868105
2025-01-03 22:00:00,350.7731421121252
2025-01-03 23:00:00,350.7336683417085
2025-01-04 00:00:00,344.0054844606947
2025-01-04 01:00:00,340.25415282392026
2025-01-04 02:00:00,331.3015873015873
2025-01-04 03:00:00,349.27272727272725
2025-01-04 04:00:00,355.6266586248492
2025-01-04 05:00:00,349.8782862706913
2025-01-04 06:00:00,350.73534971644614
2025-01-04 07:00:00,343.7409793814433
2025-01-04 08:00:00,337.73308270676694
2025-01-04 09:00:00,325.167695473251
2025-01-04 10:00:00,313.02807107906256
2025-01-04 11:00:00,310.74402467232073
2025-01-04 12:00:00,314.0635431918009
2025-01-04 13:00:00,317.99122807017545
2025-01-04 14:00:00,308.3205741626794
2025-01-04 15:00:00,310.5840707964602
2025-01-04 16:00:00,313.8124118476728
2025-01-04 17:00:00,306.69875776397515
2025-01-04 18:00:00,293.80981595092027
2025-01-04 19:00:00,294.2244318181818
2025-01-04 20:00:00,287.0798794272796
2025-01-04 21:00:00,282.2505126452495
2025-01-04 22:00:00,289.3266443701226
2025-01-04 23:00:00,293.3893805309734
2025-01-05 00:00:00,293.0195266272189
2025-01-05 01:00:00,294.71021775544386
2025-01-05 02:00:00,297.0080160320641
2025-01-05 03:00:00,307.5108910891089
2025-01-05 04:00:00,314.05280528052805
2025-01-05 05:00:00,319.3258983890954
2025-01-05 06:00:00,328.67561643835614
2025-01-05 07:00:00,344.4033898305085
2025-01-05 08:00:00,350.1354748603352
2025-01-05 09:00:00,349.65
2025-01-05 10:00:00,350.3174404015056
2025-01-05 11:00:00,353.3529411764706
2025-01-05 12:00:00,343.62841530054646
2025-01-05 13:00:00,360.26558265582656
2025-01-05 14:00:00,374.21760797342193
2025-01-05 15:00:00,381.9808429118774
2025-01-05 16:00:00,393.9672131147541
2025-01-05 17:00:00,392.9842105263158
2025-01-05 18:00:00,377.66931216931215
2025-01-05 19:00:00,375.9021479713604
2025-01-05 20:00:00,369.0130718954248
2025-01-05 21:00:00,370.26070038910507
2025-01-05 22:00:00,349.6678966789668
2025-01-05 23:00:00,331.1878306878307
2025-01-06 00:00:00,335.921568627451
2025-01-06 01:00:00,330.77938517179024
2025-01-06 02:00:00,325.71517027863774
2025-01-06 03:00:00,325.34204793028323
2025-01-06 04:00:00,311.7809523809524
2025-01-06 05:00:00,308.1057529610829
2025-01-06 06:00:00,311.1473178542834
2025-01-06 07:00:00,298.48257372654155
2025-01-06 08:00:00,297.2201680672269
2025-01-06 09:00:00,291.38740920096853
2025-01-06 10:00:00,289.6858475894245
2025-01-06 11:00:00,297.7463312368973
2025-01-06 12:00:00,295.3360655737705
2025-01-06 13:00:00,298.76655052264806
2025-01-06 14:00:00,300.2886075949367
2025-01-06 15:00:00,299.5707434052758
2025-01-06 16:00:00,292.77189189189187
2025-01-06 17:00:00,303.0191873589165
2025-01-06 18:00:00,305.32505285412265
2025-01-06 19:00:00,306.02962962962965
2025-01-06 20:00:00,299.92757172848144
2025-01-06 21:00:00,301.74525968672714
2025-01-06 22:00:00,293.009009009009
2025-01-06 23:00:00,298.2842105263158
2025-01-07 00:00:00,293.1006268558232
2025-01-07 01:00:00,302.71627906976744
2025-01-07 02:00:00,311.3851554663992
2025-01-07 03:00:00,322.1675126903553
2025-01-07 04:00:00,328.2604166666667
2025-01-07 05:00:00,339.9463955637708
2025-01-07 06:00:00,343.9083969465649
2025-01-07 07:00:00,356.6621621621622
2025-01-07 08:00:00,373.57881773399015
2025-01-07 09:00:00,375.875
2025-01-07 10:00:00,374.9130434782609
2025-01-07 11:00:00,355.93458980044346
2025-01-07 12:00:00,349.5609756097561
2025-01-07 13:00:00,341.0740740740741
2025-01-07 14:00:00,358.28426395939084
2025-01-07 15:00:00,379.4328358208956
2025-01-07 16:00:00,381.0
2025-01-07 17:00:00,369.8279569892473
2025-01-07 18:00:00,367.75949367088606
2025-01-07 19:00:00,359.79003558718864
2025-01-07 20:00:00,351.98072289156624
2025-01-07 21:00:00,345.1672535211268
2025-01-07 22:00:00,336.7949790794979
2025-01-07 23:00:00,326.5136612021858
2025-01-08 00:00:00,322.66410256410256
2025-01-08 01:00:00,322.662962962963
2025-01-08 02:00:00,313.9569630531872
2025-01-08 03:00:00,313.7065868263473
2025-01-08 04:00:00,317.27027027027026
2025-01-08 05:00:00,322.9387755102041
2025-01-08 06:00:00,327.79245283018867
2025-01-08 07:00:00,319.78628673196795
2025-01-08 08:00:00,316.6085409252669
2025-01-08 09:00:00,329.4121739130435
2025-01-08 10:00:00,325.89351851851853
2025-01-08 11:00:00,319.7187196896217
2025-01-08 12:00:00,322.5777166437414
2025-01-08 13:00:00,324.350532809871
2025-01-08 14:00:00,321.9222096956032
2025-01-08 15:00:00,317.8881491344874
2025-01-08 16:00:00,309.89314194577355
2025-01-08 17:00:00,305.2089552238806
2025-01-08 18:00:00,306.0278853601859
2025-01-08 19:00:00,312.3048854041013
2025-01-08 20:00:00,318.1897347174164
2025-01-08 21:00:00,327.5308698645857
2025-01-08 22:00:00,328.7817752875258
2025-01-08 23:00:00,340.1018779342723
2025-01-09 00:00:00,343.63289036544853
2025-01-09 01:00:00,356.05939226519337
2025-01-09 02:00:00,360.32427643236855
2025-01-09 03:00:00,367.15803278688526
2025-01-09 04:00:00,371.07206068268016
2025-01-09 05:00:00,369.6606397774687
2025-01-09 06:00:00,359.4837209302325
2025-01-09 07:00:00,348.2980769230769
2025-01-09 08:00:00,344.1725888324873
2025-01-09 09:00:00,355.6194331983806
2025-01-09 10:00:00,370.8602620087336
2025-01-09 11:00:00,372.5757575757576
2025-01-09 12:00:00,357.4251497005988
2025-01-09 13:00:00,334.1218487394958
2025-01-09 14:00:00,329.7082251082251
2025-01-09 15:00:00,316.0139968895801
2025-01-09 16:00:00,314.82237762237764
2025-01-09 17:00:00,311.38950276243094
2025-01-09 18:00:00,300.1164705882353
2025-01-09 19:00:00,296.53968253968253
2025-01-09 20:00:00,287.2396694214876
2025-01-09 21:00:00,284.0943665999428
2025-01-09 22:00:00,297.57097791798105
2025-01-09 23:00:00,298.1817992935799
2025-01-10 00:00:00,298.5173262251384
2025-01-10 01:00:00,298.0862321493958
2025-01-10 02:00:00,307.42549261083747
2025-01-10 03:00:00,307.73453038674035
2025-01-10 04:00:00,307.85644768856446
2025-01-10 05:00:00,319.6805970149253
2025-01-10 06:00:00,338.4
2025-01-10 07:00:00,338.7932960893855
2025-01-10 08:00:00,335.56451612903226
2025-01-10 09:00:00,339.69072164948454
2025-01-10 10:00:00,340.6950819672131
2025-01-10 11:00:00,329.58590308370043
2025-01-10 12:00:00,321.0194805194805
2025-01-10 13:00:00,312.15145631067963
2025-01-10 14:00:00,315.9583333333333
2025-01-10 15:00:00,314.8287795992714
2025-01-10 16:00:00,322.8341232227488
2025-01-10 17:00:00,332.5828571428572
2025-01-10 18:00:00,332.42638036809814
2025-01-10 19:00:00,334.2290718038529
2025-01-10 20:00:00,338.2482269503546
2025-01-10 21:00:00,325.5951290591174
2025-01-10 22:00:00,326.92332015810274
2025-01-10 23:00:00,333.1661971830986
2025-01-11 00:00:00,335.32270408163265
2025-01-11 01:00:00,338.25793103448274
2025-01-11 02:00:00,334.05523255813955
2025-01-11 03:00:00,330.5865809562073
2025-01-11 04:00:00,340.01756756756754
2025-01-11 05:00:00,341.7944915254237
2025-01-11 06:00:00,349.8377581120944
2025-01-11 07:00:00,337.908256880734
2025-01-11 08:00:00,334.1990521327014
2025-01-11 09:00:00,324.8198198198198
2025-01-11 10:00:00,314.7224880382775
2025-01-11 11:00:00,310.57142857142856
2025-01-11 12:00:00,311.5175202156334
2025-01-11 13:00:00,306.4144869215292
2025-01-11 14:00:00,292.3899109792285
2025-01-11 15:00:00,299.9200968523002
2025-01-11 16:00:00,298.25125628140705
2025-01-11 17:00:00,300.1489645958584
2025-01-11 18:00:00,298.62560890744606
2025-01-11 19:00:00,292.18168604651163
2025-01-11 20:00:00,291.607329842932
2025-01-11 21:00:00,289.82421052631577
2025-01-11 22:00:00,295.9403669724771
2025-01-11 23:00:00,300.10869565217394
2025-01-12 00:00:00,288.82394924662964
2025-01-12 01:00:00,291.495337995338
2025-01-12 02:00:00,287.3515923566879
2025-01-12 03:00:00,290.178517397882
2025-01-12 04:00:00,290.53057065217394
2025-01-12 05:00:00,301.2741935483871
2025-01-12 06:00:00,305.8698441796517
2025-01-12 07:00:00,305.0246913580247
2025-01-12 08:00:00,304.6899618805591
2025-01-12 09:00:00,300.1149068322981
2025-01-12 10:00:00,318.130612244898
2025-01-12 11:00:00,326.3015873015873
2025-01-12 12:00:00,320.88706365503083
2025-01-12 13:00:00,331.735632183908
2025-01-12 14:00:00,343.3333333333333
2025-01-12 15:00:00,346.4556616643929
2025-01-12 16:00:00,340.1596104995766
2025-01-12 17:00:00,336.4103495233772
2025-01-12 18:00:00,337.16190476190474
2025-01-12 19:00:00,332.56042780748663
2025-01-12 20:00:00,328.3046875
2025-01-12 21:00:00,327.1461538461538
2025-01-12 22:00:00,322.2635956493922
2025-01-12 23:00:00,318.636722173532
2025-01-13 00:00:00,330.92836676217763
2025-01-13 01:00:00,336.94890510948903
2025-01-13 02:00:00,340.7007874015748
2025-01-13 03:00:00,336.2257217847769
2025-01-13 04:00:00,313.5304659498208
2025-01-13 05:00:00,303.5087108013937
2025-01-13 06:00:00,290.9931506849315
2025-01-13 07:00:00,286.4471544715447
2025-01-13 08:00:00,275.4238156209987
2025-01-13 09:00:00,268.35336538461536
2025-01-13 10:00:00,260.5364
2025-01-13 11:00:00,257.7638238050609
2025-01-13 12:00:00,256.214245014245
2025-01-13 13:00:00,260.0324427480916
2025-01-13 14:00:00,272.07142857142856
2025-01-13 15:00:00,276.3481308411215
2025-01-13 16:00:00,272.0648593868761
2025-01-13 17:00:00,276.9968110550093
2025-01-13 18:00:00,279.2537878787879
2025-01-13 19:00:00,269.26110219368644
2025-01-13 20:00:00,273.5
2025-01-13 21:00:00,272.0236220472441
2025-01-13 22:00:00,264.8730769230769
2025-01-13 23:00:00,266.21058091286307
2025-01-14 00:00:00,267.0
2025-01-14 01:00:00,263.1952380952381
2025-01-14 02:00:00,261.6126126126126
2025-01-14 03:00:00,270.2125
2025-01-14 04:00:00,275.38545853123856
2025-01-14 05:00:00,284.44954128440367
2025-01-14 06:00:00,286.9077490774908
2025-01-14 07:00:00,297.53802416488986
2025-01-14 08:00:00,302.3671908202295
2025-01-14 09:00:00,307.91470349309503
2025-01-14 10:00:00,307.16476841306
2025-01-14 11:00:00,308.1517857142857
2025-01-14 12:00:00,312.8356883326605
2025-01-14 13:00:00,316.4828767123288
2025-01-14 14:00:00,312.66089965397924
2025-01-14 15:00:00,314.986143187067
2025-01-14 16:00:00,324.4422960725076
2025-01-14 17:00:00,323.0871369294606
2025-01-14 18:00:00,322.4623724489796
2025-01-14 19:00:00,322.58715596330273
2025-01-14 20:00:00,320.43333333333334
2025-01-14 21:00:00,310.96353762606674
2025-01-14 22:00:00,299.81950965049555
2025-01-14 23:00:00,294.91633780584056
2025-01-15 00:00:00,285.52982646420827
2025-01-15 01:00:00,286.4787535410765
2025-01-15 02:00:00,282.0145429362881
2025-01-15 03:00:00,279.91712328767125
2025-01-15 04:00:00,276.75494071146244
2025-01-15 05:00:00,272.71264367816093
2025-01-15 06:00:00,269.9267015706806
2025-01-15 07:00:00,258.56919642857144
2025-01-15 08:00:00,259.156803744567
2025-01-15 09:00:00,262.74813710879283
2025-01-15 10:00:00,257.8641975308642
2025-01-15 11:00:00,252.1726618705036
2025-01-15 12:00:00,253.33941962830127
2025-01-15 13:00:00,256.2680036463081
2025-01-15 14:00:00,254.78558360775705
2025-01-15 15:00:00,254.53407155025556
2025-01-15 16:00:00,253.36714443219404
2025-01-15 17:00:00,250.57013574660635
2025-01-15 18:00:00,253.01557863501483
2025-01-15 19:00:00,254.6622869318182
2025-01-15 20:00:00,260.470500373413
2025-01-15 21:00:00,273.6168898043254
2025-01-15 22:00:00,280.38652482269504
2025-01-15 23:00:00,285.0039408866995
2025-01-16 00:00:00,282.47018150388936
2025-01-16 01:00:00,286.6753856472166
2025-01-16 02:00:00,287.9733606557377
2025-01-16 03:00:00,283.44262295081967
2025-01-16 04:00:00,286.13468013468014
2025-01-16 05:00:00,283.40148486579096
2025-01-16 06:00:00,280.34362934362935
2025-01-16 07:00:00,277.8069676501956
2025-01-16 08:00:00,274.14916584887146
2025-01-16 09:00:00,270.1110108303249
2025-01-16 10:00:00,267.54239663629994
2025-01-16 11:00:00,262.2170123234145
2025-01-16 12:00:00,265.10309278350513
2025-01-16 13:00:00,259.1792452830189
2025-01-16 14:00:00,263.4867052023121
2025-01-16 15:00:00,253.92995169082127
2025-01-16 16:00:00,245.63239517518667
2025-01-16 17:00:00,245.00733272227316
2025-01-16 18:00:00,245.34082397003743
2025-01-16 19:00:00,241.50512820512824
2025-01-16 20:00:00,231.49640287769785
2025-01-16 21:00:00,224.2080838323353
2025-01-16 22:00:00,216.59954954954955
2025-01-16 23:00:00,215.83906020558004
2025-01-17 00:00:00,213.6260359116022
2025-01-17 01:00:00,211.05
2025-01-17 02:00:00,210.7976430008623
2025-01-17 03:00:00,209.9510244877561
2025-01-17 04:00:00,210.31115017579103
2025-01-17 05:00:00,212.621925509487
2025-01-17 06:00:00,212.3360395340628
2025-01-17 07:00:00,211.52300172512935
2025-01-17 08:00:00,211.70466717674063
2025-01-17 09:00:00,211.4323907455013
2025-01-17 10:00:00,213.02078833693304
2025-01-17 11:00:00,211.2248677248677
2025-01-17 12:00:00,210.2990107913669
2025-01-17 13:00:00,209.2738268021287
2025-01-17 14:00:00,211.69105113636363
2025-01-17 15:00:00,211.19094247246025
2025-01-17 16:00:00,213.5623916811092
2025-01-17 17:00:00,215.75589547482477
2025-01-17 18:00:00,219.95961995249405
2025-01-17 19:00:00,221.39251700680276
2025-01-17 20:00:00,226.83532219570407
2025-01-17 21:00:00,231.41316526610643
2025-01-17 22:00:00,230.8747016706444
2025-01-17 23:00:00,235.8251218191662
2025-01-18 00:00:00,235.5922165820643
2025-01-18 01:00:00,230.7411483253589
2025-01-18 02:00:00,232.60794701986757
2025-01-18 03:00:00,232.6668169522092
2025-01-18 04:00:00,232.51777251184836
2025-01-18 05:00:00,234.15766099185788
2025-01-18 06:00:00,232.9219917012448
2025-01-18 07:00:00,226.27455744533148
2025-01-18 08:00:00,226.60990009082653
2025-01-18 09:00:00,230.70242050308497
2025-01-18 10:00:00,225.0225806451613
2025-01-18 11:00:00,226.84651162790695
2025-01-18 12:00:00,223.62381852551985
2025-01-18 13:00:00,216.95015438906043
2025-01-18 14:00:00,214.18762886597935
2025-01-18 15:00:00,208.1229205175601
2025-01-18 16:00:00,198.9926244622004
2025-01-18 17:00:00,194.5952582557155
2025-01-18 18:00:00,192.20674864169288
2025-01-18 19:00:00,191.26704545454547
2025-01-18 20:00:00,195.2113688337145
2025-01-18 21:00:00,195.3900905432596
2025-01-18 22:00:00,194.94794520547944
2025-01-18 23:00:00,194.0336581045173
2025-01-19 00:00:00,193.86121256391527
2025-01-19 01:00:00,197.25107193901857
2025-01-19 02:00:00,198.97770700636943
2025-01-19 03:00:00,197.2045315370484
2025-01-19 04:00:00,199.03082437275987
2025-01-19 05:00:00,196.0781308411215
2025-01-19 06:00:00,193.3653948065713
2025-01-19 07:00:00,194.99881656804732
2025-01-19 08:00:00,194.16750816750817
2025-01-19 09:00:00,193.0460732984293
2025-01-19 10:00:00,195.43654822335023
2025-01-19 11:00:00,195.63346303501945
2025-01-19 12:00:00,198.7697368421053
2025-01-19 13:00:00,198.96770601336303
2025-01-19 14:00:00,201.34638086362224
2025-01-19 15:00:00,210.5185610409491
2025-01-19 16:00:00,210.88707865168536
2025-01-19 17:00:00,215.81797497155856
2025-01-19 18:00:00,219.06575781876504
2025-01-19 19:00:00,217.24765625
2025-01-19 20:00:00,214.11697247706425
2025-01-19 21:00:00,211.55043541364296
2025-01-19 22:00:00,213.32130777903043
2025-01-19 23:00:00,217.4292297564187
2025-01-20 00:00:00,217.82066703116456
2025-01-20 01:00:00,211.7068345323741
2025-01-20 02:00:00,208.08798882681563
2025-01-20 03:00:00,205.28982128982128
2025-01-20 04:00:00,203.685
2025-01-20 05:00:00,197.54147675478575
2025-01-20 06:00:00,192.4637989778535
2025-01-20 07:00:00,189.9182608695652
2025-01-20 08:00:00,183.6872607982504
2025-01-20 09:00:00,181.29202545862967
2025-01-20 10:00:00,182.28133453561767
2025-01-20 11:00:00,181.759627077422
2025-01-20 12:00:00,179.44251626898048
2025-01-20 13:00:00,176.25709632387156
2025-01-20 14:00:00,178.20070310003197
2025-01-20 15:00:00,175.28716060745512
2025-01-20 16:00:00,175.8077885952712
2025-01-20 17:00:00,170.7089018843405
2025-01-20 18:00:00,168.52293577981652
2025-01-20 19:00:00,165.9781872884543
2025-01-20 20:00:00,166.55715658021134
2025-01-20 21:00:00,170.640768588137
2025-01-20 22:00:00,169.9965918773076
2025-01-20 23:00:00,170.3028846153846
2025-01-21 00:00:00,168.65963388147688
2025-01-21 01:00:00,167.41878019323673
2025-01-21 02:00:00,167.7781214848144
2025-01-21 03:00:00,167.02760497667185
2025-01-21 04:00:00,167.71303656597777
2025-01-21 05:00:00,164.03746471644854
2025-01-21 06:00:00,163.50607779578607
2025-01-21 07:00:00,163.14902580305423
2025-01-21 08:00:00,160.37586547972305
2025-01-21 09:00:00,156.2002002002002
2025-01-21 10:00:00,153.7132796780684
2025-01-21 11:00:00,152.23066361556064
2025-01-21 12:00:00,151.17466600692725
2025-01-21 13:00:00,149.01247002398082
2025-01-21 14:00:00,146.8922305764411
2025-01-21 15:00:00,147.4207694377186
2025-01-21 16:00:00,147.57286821705426
2025-01-21 17:00:00,145.7020854021847
2025-01-21 18:00:00,145.6864593151115
2025-01-21 19:00:00,147.31366532924238
2025-01-21 20:00:00,147.33808049535602
2025-01-21 21:00:00,147.37038140643622
2025-01-21 22:00:00,148.91597863040312
2025-01-21 23:00:00,152.56635071090048
2025-01-22 00:00:00,152.82962138084633
2025-01-22 01:00:00,150.7710843373494
2025-01-22 02:00:00,148.67748917748918
2025-01-22 03:00:00,148.35257985257985
2025-01-22 04:00:00,148.02187759623374
2025-01-22 05:00:00,148.19302514193026
2025-01-22 06:00:00,150.52173913043478
2025-01-22 07:00:00,151.35803845082197
2025-01-22 08:00:00,150.0030689329556
2025-01-22 09:00:00,149.5097100292631
2025-01-22 10:00:00,150.21992789249427
2025-01-22 11:00:00,149.68964059196617
2025-01-22 12:00:00,149.395125745398
2025-01-22 13:00:00,149.735368956743
2025-01-22 14:00:00,151.56158225951452
2025-01-22 15:00:00,153.47794729542304
2025-01-22 16:00:00,154.8777437468096
2025-01-22 17:00:00,153.640595463138
2025-01-22 18:00:00,153.19046144317127
2025-01-22 19:00:00,153.47590511860176
2025-01-22 20:00:00,155.30792267900898
2025-01-22 21:00:00,156.2587757470264
2025-01-22 22:00:00,155.44568556269198
2025-01-22 23:00:00,154.44331170837194
2025-01-23 00:00:00,152.95734597156397
2025-01-23 01:00:00,152.3793570219966
2025-01-23 02:00:00,151.08354615103977
2025-01-23 03:00:00,150.4105034182722
2025-01-23 04:00:00,149.46397694524495
2025-01-23 05:00:00,149.26141512722202
2025-01-23 06:00:00,147.32737193088815
2025-01-23 07:00:00,148.48927335640138
2025-01-23 08:00:00,148.60113268608416
2025-01-23 09:00:00,147.5356564019449
2025-01-23 10:00:00,147.1852899575672
2025-01-23 11:00:00,145.87400434467776
2025-01-23 12:00:00,145.56032786885245
2025-01-23 13:00:00,144.93106212424848
2025-01-23 14:00:00,144.48504201680672
2025-01-23 15:00:00,144.21761851437105
2025-01-23 16:00:00,145.64777327935224
2025-01-23 17:00:00,146.17960837272113
2025-01-23 18:00:00,146.4068034860838
2025-01-23 19:00:00,148.12246777163904
2025-01-23 20:00:00,149.0682155215027
2025-01-23 21:00:00,151.7957710159876
2025-01-23 22:00:00,156.56811594202898
2025-01-23 23:00:00,157.71499644633974
2025-01-24 00:00:00,158.52015677491602
2025-01-24 01:00:00,159.15717539863326
2025-01-24 02:00:00,160.06080674292596
2025-01-24 03:00:00,160.09185185185186
2025-01-24 04:00:00,159.7925644275454
2025-01-24 05:00:00,159.07168747482885
2025-01-24 06:00:00,159.89949357226334
2025-01-24 07:00:00,159.41541295670862
2025-01-24 08:00:00,162.56582633053222
2025-01-24 09:00:00,163.83661278988055
2025-01-24 10:00:00,166.77138364779873
2025-01-24 11:00:00,165.87533234859674
2025-01-24 12:00:00,163.58478130617135
2025-01-24 13:00:00,162.44868871151652
2025-01-24 14:00:00,158.65355582042113
2025-01-24 15:00:00,156.6991293131248
2025-01-24 16:00:00,157.16745843230404
2025-01-24 17:00:00,156.8456937799043
2025-01-24 18:00:00,154.00021030494216
2025-01-24 19:00:00,155.9015230544544
2025-01-24 20:00:00,158.60697674418606
2025-01-24 21:00:00,160.30497289653547
2025-01-24 22:00:00,161.76528963766444
2025-01-24 23:00:00,167.1885474860335
2025-01-25 00:00:00,169.6816123188406
2025-01-25 01:00:00,169.13623462630085
2025-01-25 02:00:00,167.0867249904907
2025-01-25 03:00:00,166.93144344807638
2025-01-25 04:00:00,167.24451152579582
2025-01-25 05:00:00,166.71173390822298
2025-01-25 06:00:00,165.88913809676384
2025-01-25 07:00:00,163.34260178748758
2025-01-25 08:00:00,163.47001998667554
2025-01-25 09:00:00,163.44156976744185
2025-01-25 10:00:00,161.55805142083898
2025-01-25 11:00:00,160.90532544378698
2025-01-25 12:00:00,160.1904315196998
2025-01-25 13:00:00,158.46663740122915
2025-01-25 14:00:00,154.8443256090315
2025-01-25 15:00:00,153.61979166666666
2025-01-25 16:00:00,152.09826883910387
2025-01-25 17:00:00,148.60729366602686
2025-01-25 18:00:00,146.0309372156506
2025-01-25 19:00:00,144.18524970963995
2025-01-25 20:00:00,144.92573458185342
2025-01-25 21:00:00,145.2954444935869
2025-01-25 22:00:00,144.8138258961229
2025-01-25 23:00:00,143.99445902595508
2025-01-26 00:00:00,144.80446247464502
2025-01-26 01:00:00,144.79313198179565
2025-01-26 02:00:00,145.336867862969
2025-01-26 03:00:00,145.23240506329114
2025-01-26 04:00:00,148.06472968002942
2025-01-26 05:00:00,150.32410154962085
2025-01-26 06:00:00,149.11408586589485
2025-01-26 07:00:00,152.97034764826176
2025-01-26 08:00:00,154.98665453442524
2025-01-26 09:00:00,153.99512591389114
2025-01-26 10:00:00,155.1247629882442
2025-01-26 11:00:00,156.90411324786325
2025-01-26 12:00:00,155.27183480027082
2025-01-26 13:00:00,153.49256689791872
2025-01-26 14:00:00,149.91590985536496
2025-01-26 15:00:00,148.66711051930758
2025-01-26 16:00:00,145.54351876497205
2025-01-26 17:00:00,145.24408238549032
2025-01-26 18:00:00,144.5894967177243
2025-01-26 19:00:00,144.4022955523673
2025-01-26 20:00:00,145.084909301428
2025-01-26 21:00:00,145.21944692239072
2025-01-26 22:00:00,145.88165921106142
2025-01-26 23:00:00,146.21735604217355
2025-01-27 00:00:00,146.5139584824624
2025-01-27 01:00:00,147.61054994388329
2025-01-27 02:00:00,146.5675203725262
2025-01-27 03:00:00,145.35083848190644
2025-01-27 04:00:00,145.93411175979983
2025-01-27 05:00:00,148.99395222255822
2025-01-27 06:00:00,150.15883340327318
2025-01-27 07:00:00,148.59148936170212
2025-01-27 08:00:00,148.1010122311261
2025-01-27 09:00:00,151.03933933933934
2025-01-27 10:00:00,154.21386031402275
2025-01-27 11:00:00,155.65733736762482
2025-01-27 12:00:00,157.26596694953105
2025-01-27 13:00:00,158.9195667204425
2025-01-27 14:00:00,157.2469044538902
2025-01-27 15:00:00,158.52091800143438
2025-01-27 16:00:00,157.75250427559249
2025-01-27 17:00:00,160.1496062992126
2025-01-27 18:00:00,165.2085518354175
2025-01-27 19:00:00,164.21603019538188
2025-01-27 20:00:00,163.5529489147117
2025-01-27 21:00:00,162.66938070565013
2025-01-27 22:00:00,178.22321428571428
2025-01-27 23:00:00,177.4453217528622
2025-01-28 00:00:00,181.5868801249512
2025-01-28 01:00:00,183.6428808496515
2025-01-28 02:00:00,183.56476683937825
2025-01-28 03:00:00,185.5608628659476
2025-01-28 04:00:00,185.91071428571428
2025-01-28 05:00:00,184.69593440382644
2025-01-28 06:00:00,185.26079372001743
2025-01-28 07:00:00,181.31002386634844
2025-01-28 08:00:00,181.1236355007119
2025-01-28 09:00:00,180.44441735738664
2025-01-28 10:00:00,178.2031954117165
2025-01-28 11:00:00,180.27513227513228
2025-01-28 12:00:00,177.77017017017016
2025-01-28 13:00:00,178.59987801158888
2025-01-28 14:00:00,177.829988851728
2025-01-28 15:00:00,174.183908045977
2025-01-28 16:00:00,173.25411764705882
2025-01-28 17:00:00,173.185591229444
2025-01-28 18:00:00,173.28644602048857
2025-01-28 19:00:00,174.44664179104478
2025-01-28 20:00:00,173.83989145183176
2025-01-28 21:00:00,170.91443074691804
2025-01-28 22:00:00,169.1698455949137
2025-01-28 23:00:00,168.43992248062017
2025-01-29 00:00:00,169.89137931034483
2025-01-29 01:00:00,169.8430034129693
2025-01-29 02:00:00,169.117033603708
2025-01-29 03:00:00,164.055063913471
2025-01-29 04:00:00,160.9893307468477
2025-01-29 05:00:00,161.0351145038168
2025-01-29 06:00:00,161.85276073619633
2025-01-29 07:00:00,160.0506186726659
2025-01-29 08:00:00,159.32963109877034
2025-01-29 09:00:00,163.21621621621622
2025-01-29 10:00:00,167.15035799522673
2025-01-29 11:00:00,169.3775472397184
2025-01-29 12:00:00,171.620644312952
2025-01-29 13:00:00,172.01676483914815
2025-01-29 14:00:00,173.5938999314599
2025-01-29 15:00:00,177.42883211678833
2025-01-29 16:00:00,182.4754433833561
2025-01-29 17:00:00,186.14674992903772
2025-01-29 18:00:00,185.0451480504251
2025-01-29 19:00:00,185.29368421052632
2025-01-29 20:00:00,188.1750920656177
2025-01-29 21:00:00,187.3272727272727
2025-01-29 22:00:00,187.5771709113225
2025-01-29 23:00:00,186.40983146067416
2025-01-30 00:00:00,185.4390243902439
2025-01-30 01:00:00,189.918430335097
2025-01-30 02:00:00,190.72561939905117
2025-01-30 03:00:00,190.8796015591165
2025-01-30 04:00:00,192.9862385321101
2025-01-30 05:00:00,192.38097325734327
2025-01-30 06:00:00,188.4091575091575
2025-01-30 07:00:00,194.2560865644725
2025-01-30 08:00:00,195.50489113284948
2025-01-30 09:00:00,194.43926521239956
2025-01-30 10:00:00,193.1620137299771
2025-01-30 11:00:00,187.97492537313437
2025-01-30 12:00:00,187.97054886211512
2025-01-30 13:00:00,190.4692998204668
2025-01-30 14:00:00,195.39086294416245
2025-01-30 15:00:00,195.37960855712336
2025-01-30 16:00:00,196.1907040328093
2025-01-30 17:00:00,192.91594996090697
2025-01-30 18:00:00,189.3047619047619
2025-01-30 19:00:00,188.3202522775053
2025-01-30 20:00:00,188.3247191011236
2025-01-30 21:00:00,191.63020408163263
2025-01-30 22:00:00,194.91537267080744
2025-01-30 23:00:00,193.47009619406103
2025-01-31 00:00:00,199.18943533697632
2025-01-31 01:00:00,201.07630522088357
2025-01-31 02:00:00,222.3369481022463
2025-01-31 03:00:00,222.9982425307557
2025-01-31 04:00:00,218.26366418889376
2025-01-31 05:00:00,218.4764485202168
2025-01-31 06:00:00,216.66865833785985
2025-01-31 07:00:00,211.33528645833331
2025-01-31 08:00:00,207.12660423170308
2025-01-31 09:00:00,209.55331905781583
2025-01-31 10:00:00,209.2835505459669
2025-01-31 11:00:00,207.2794547224927
2025-01-31 12:00:00,202.7056313993174
2025-01-31 13:00:00,196.7949512843224
2025-01-31 14:00:00,194.13910505836577
2025-01-31 15:00:00,195.22940226171244
2025-01-31 16:00:00,190.44487427466152
2025-01-31 17:00:00,185.5008389261745
2025-01-31 18:00:00,183.99173243141675
2025-01-31 19:00:00,183.41305127285764
2025-01-31 20:00:00,183.6657851239669
2025-01-31 21:00:00,185.21875
2025-01-31 22:00:00,183.3859154929577
2025-01-31 23:00:00,179.06952662721895
2025-02-01 00:00:00,179.71457558336152
2025-02-01 01:00:00,179.50434362934362
2025-02-01 02:00:00,176.91968631692808
2025-02-01 03:00:00,176.754012345679
2025-02-01 04:00:00,176.10786001147446
2025-02-01 05:00:00,177.3615984405458
2025-02-01 06:00:00,175.38169984686064
2025-02-01 07:00:00,176.5424079437319
2025-02-01 08:00:00,175.81903041252636
2025-02-01 09:00:00,175.07122507122506
2025-02-01 10:00:00,171.99712117246793
2025-02-01 11:00:00,172.0521265560166
2025-02-01 12:00:00,172.02500844880026
2025-02-01 13:00:00,174.75483580746737
2025-02-01 14:00:00,174.38907206782855
2025-02-01 15:00:00,174.0677498467198
2025-02-01 16:00:00,176.0762358546754
2025-02-01 17:00:00,175.85864332603938
2025-02-01 18:00:00,176.25907314349524
2025-02-01 19:00:00,176.7069387755102
2025-02-01 20:00:00,175.88143473928926
2025-02-01 21:00:00,176.58760577401694
2025-02-01 22:00:00,176.0110671936759
2025-02-01 23:00:00,174.37476600524147
2025-02-02 00:00:00,170.91922711434907
2025-02-02 01:00:00,169.24829427469592
2025-02-02 02:00:00,168.0626631853786
2025-02-02 03:00:00,164.3752071594299
2025-02-02 04:00:00,162.22587601078166
2025-02-02 05:00:00,162.78419936373277
2025-02-02 06:00:00,158.44150174621652
2025-02-02 07:00:00,156.42453987730062
2025-02-02 08:00:00,153.04965430546827
2025-02-02 09:00:00,150.86093609360935
2025-02-02 10:00:00,149.64063284781517
2025-02-02 11:00:00,151.41911305434104
2025-02-02 12:00:00,151.12491203377903
2025-02-02 13:00:00,148.90280373831774
2025-02-02 14:00:00,147.71387178558493
2025-02-02 15:00:00,148.64508844561536
2025-02-02 16:00:00,149.64360770577937
2025-02-02 17:00:00,148.77262762292514
2025-02-02 18:00:00,148.35638297872342
2025-02-02 19:00:00,142.68235294117648
2025-02-02 20:00:00,143.25806451612902
2025-02-02 21:00:00,141.73347168692558
2025-02-02 22:00:00,142.10947964966513
2025-02-02 23:00:00,143.6477093206951
2025-02-03 00:00:00,143.38584585555017
2025-02-03 01:00:00,142.0772200772201
2025-02-03 02:00:00,140.84667802385007
2025-02-03 03:00:00,140.4446564885496
2025-02-03 04:00:00,139.4824375793483
2025-02-03 05:00:00,138.47345132743362
2025-02-03 06:00:00,137.3760318815827
2025-02-03 07:00:00,138.8341937443061
2025-02-03 08:00:00,138.130794213168
2025-02-03 09:00:00,136.5057645631068
2025-02-03 10:00:00,135.5768875192604
2025-02-03 11:00:00,138.19400630914828
2025-02-03 12:00:00,140.54148020654046
2025-02-03 13:00:00,141.64069506726457
2025-02-03 14:00:00,145.34217016029592
2025-02-03 15:00:00,146.45684972842486
2025-02-03 16:00:00,145.7256049960968
2025-02-03 17:00:00,144.82033271719038
2025-02-03 18:00:00,145.69694161260426
2025-02-03 19:00:00,145.98178506375228
2025-02-03 20:00:00,145.65663858804652
2025-02-03 21:00:00,145.76920315865038
2025-02-03 22:00:00,147.71472275334608
2025-02-03 23:00:00,147.99323269130662
2025-02-04 00:00:00,146.80803451064978
2025-02-04 01:00:00,144.09763646595383
2025-02-04 02:00:00,143.68706697459584
2025-02-04 03:00:00,143.0774267008255
2025-02-04 04:00:00,140.62958818263206
2025-02-04 05:00:00,139.407046824293
2025-02-04 06:00:00,138.5313679245283
2025-02-04 07:00:00,139.8114849187935
2025-02-04 08:00:00,137.68872549019608
2025-02-04 09:00:00,136.85513319365458
2025-02-04 10:00:00,136.6890971039182
2025-02-04 11:00:00,136.64383561643837
2025-02-04 12:00:00,136.6222023276634
2025-02-04 13:00:00,135.61464285714283
2025-02-04 14:00:00,134.58940830336712
2025-02-04 15:00:00,133.77572413793104
2025-02-04 16:00:00,134.59329940627651
2025-02-04 17:00:00,132.39894050529747
2025-02-04 18:00:00,132.10859394237872
2025-02-04 19:00:00,132.0500131613583
2025-02-04 20:00:00,130.93098112039615
2025-02-04 21:00:00,129.980331899201
2025-02-04 22:00:00,129.16962146621947
2025-02-04 23:00:00,129.37205620423512
2025-02-05 00:00:00,130.19454181271908
2025-02-05 01:00:00,135.4153616703952
2025-02-05 02:00:00,133.47024952015354
2025-02-05 03:00:00,132.42457573852923
2025-02-05 04:00:00,133.71037463976944
2025-02-05 05:00:00,133.68154838709677
2025-02-05 06:00:00,136.69029275808936
2025-02-05 07:00:00,136.26835443037976
2025-02-05 08:00:00,135.68740666998508
2025-02-05 09:00:00,134.51134380453752
2025-02-05 10:00:00,134.02230314064633
2025-02-05 11:00:00,132.3443733534061
2025-02-05 12:00:00,130.69424460431654
2025-02-05 13:00:00,129.74055636896043
2025-02-05 14:00:00,128.16832983193277
2025-02-05 15:00:00,127.75615688659168
2025-02-05 16:00:00,127.22983425414364
2025-02-05 17:00:00,125.89508530685
2025-02-05 18:00:00,125.16209198813056
2025-02-05 19:00:00,123.27314368370298
2025-02-05 20:00:00,123.3150442477876
2025-02-05 21:00:00,122.231891223733
2025-02-05 22:00:00,122.22836185819072
2025-02-05 23:00:00,122.94607310893956
2025-02-06 00:00:00,122.8895544739798
2025-02-06 01:00:00,122.92724776938915
2025-02-06 02:00:00,122.65416666666668
2025-02-06 03:00:00,123.52677746999076
2025-02-06 04:00:00,122.64913151364765
2025-02-06 05:00:00,121.50076923076924
2025-02-06 06:00:00,119.89812332439678
2025-02-06 07:00:00,120.50069541029208
2025-02-06 08:00:00,118.88176964149504
2025-02-06 09:00:00,117.91817338896615
2025-02-06 10:00:00,118.55631909172394
2025-02-06 11:00:00,118.58069381598791
2025-02-06 12:00:00,117.83798882681565
2025-02-06 13:00:00,117.75980219003884
2025-02-06 14:00:00,116.75849256900212
2025-02-06 15:00:00,116.75739223370148
2025-02-06 16:00:00,116.7897598550068
2025-02-06 17:00:00,115.613200498132
2025-02-06 18:00:00,116.83474218089604
2025-02-06 19:00:00,115.6592039800995
2025-02-06 20:00:00,115.5219298245614
2025-02-06 21:00:00,116.0320781032078
2025-02-06 22:00:00,115.64988962472408
2025-02-06 23:00:00,115.51632833186233
2025-02-07 00:00:00,115.84108527131782
2025-02-07 01:00:00,115.9279497098646
2025-02-07 02:00:00,116.41948310139163
2025-02-07 03:00:00,115.9975035663338
2025-02-07 04:00:00,115.73030583873955
2025-02-07 05:00:00,116.43360071301248
2025-02-07 06:00:00,116.515742642026
2025-02-07 07:00:00,116.80501497005989
2025-02-07 08:00:00,117.36219559335136
2025-02-07 09:00:00,117.53215248363496
2025-02-07 10:00:00,117.89834174477288
2025-02-07 11:00:00,118.84049295774648
2025-02-07 12:00:00,118.85683607730851
2025-02-07 13:00:00,117.3009035511662
2025-02-07 14:00:00,117.86181180083352
2025-02-07 15:00:00,117.69798917246712
2025-02-07 16:00:00,118.02849510240428
2025-02-07 17:00:00,118.01207513416816
2025-02-07 18:00:00,118.02282389796376
2025-02-07 19:00:00,118.05267665952891
2025-02-07 20:00:00,118.04652183454029
2025-02-07 21:00:00,118.49664256198348
2025-02-07 22:00:00,118.58497211623128
2025-02-07 23:00:00,118.6215224701926
2025-02-08 00:00:00,117.77639579878384
2025-02-08 01:00:00,116.92155407077456
2025-02-08 02:00:00,117.61139739314945
2025-02-08 03:00:00,117.47798326728314
2025-02-08 04:00:00,118.49188838416612
2025-02-08 05:00:00,118.29470316388198
2025-02-08 06:00:00,117.57439310884888
2025-02-08 07:00:00,117.59051115504094
2025-02-08 08:00:00,118.57699052963872
2025-02-08 09:00:00,118.58279715543514
2025-02-08 10:00:00,117.68029300567107
2025-02-08 11:00:00,118.59051474840948
2025-02-08 12:00:00,118.51610707803992
2025-02-08 13:00:00,119.53148425787109
2025-02-08 14:00:00,119.06882129277568
2025-02-08 15:00:00,118.11798604792236
2025-02-08 16:00:00,117.94586233565352
2025-02-08 17:00:00,117.84394102840704
2025-02-08 18:00:00,117.86915204678364
2025-02-08 19:00:00,117.8923205342237
2025-02-08 20:00:00,117.96273712737128
2025-02-08 21:00:00,117.23507917174176
2025-02-08 22:00:00,117.01997213190896
2025-02-08 23:00:00,116.70579268292684
2025-02-09 00:00:00,116.68182954261437
2025-02-09 01:00:00,116.72222222222224
2025-02-09 02:00:00,117.56348167539268
2025-02-09 03:00:00,116.62719959778784
2025-02-09 04:00:00,116.65125659323613
2025-02-09 05:00:00,115.78170377541144
2025-02-09 06:00:00,115.61139081183134
2025-02-09 07:00:00,115.019215788107
2025-02-09 08:00:00,116.02072538860104
2025-02-09 09:00:00,116.45311606632362
2025-02-09 10:00:00,115.46693429114728
2025-02-09 11:00:00,115.33054311855167
2025-02-09 12:00:00,115.42935948513636
2025-02-09 13:00:00,115.38176154064004
2025-02-09 14:00:00,114.49275053304903
2025-02-09 15:00:00,115.06958762886596
2025-02-09 16:00:00,113.52094313453536
2025-02-09 17:00:00,115.64349011588276
2025-02-09 18:00:00,115.04570722668312
2025-02-09 19:00:00,114.69715936446798
2025-02-09 20:00:00,114.62643923240938
2025-02-09 21:00:00,115.8737221888154
2025-02-09 22:00:00,114.3586995355484
2025-02-09 23:00:00,114.62523992322456
2025-02-10 00:00:00,113.62095577322648
2025-02-10 01:00:00,113.93298493698124
2025-02-10 02:00:00,113.77084515031196
2025-02-10 03:00:00,114.49194414607948
2025-02-10 04:00:00,115.27943700652249
2025-02-10 05:00:00,114.85385081867798
2025-02-10 06:00:00,116.04901036757776
2025-02-10 07:00:00,115.46043165467626
2025-02-10 08:00:00,114.93167324627998
2025-02-10 09:00:00,115.50842418235877
2025-02-10 10:00:00,115.38176555716352
2025-02-10 11:00:00,115.35477707006368
2025-02-10 12:00:00,114.68223421731987
2025-02-10 13:00:00,115.21898054996646
2025-02-10 14:00:00,114.46807893209518
2025-02-10 15:00:00,113.86298472385428
2025-02-10 16:00:00,114.07542426147076
2025-02-10 17:00:00,113.06247647722996
2025-02-10 18:00:00,113.79126213592232
2025-02-10 19:00:00,112.6794221007419
2025-02-10 20:00:00,113.75
2025-02-10 21:00:00,112.78262563303468
2025-02-10 22:00:00,111.91369221767116
2025-02-10 23:00:00,112.72546972860124
2025-02-11 00:00:00,112.80332056194123
2025-02-11 01:00:00,111.64283025969138
2025-02-11 02:00:00,111.44525043177892
2025-02-11 03:00:00,111.3608108108108
2025-02-11 04:00:00,111.45523751522532
2025-02-11 05:00:00,111.48266925817946
2025-02-11 06:00:00,111.58570980883736
2025-02-11 07:00:00,111.47562156926055
2025-02-11 08:00:00,111.57833655705996
2025-02-11 09:00:00,111.49144333225702
2025-02-11 10:00:00,110.9347921225383
2025-02-11 11:00:00,111.40549493374904
2025-02-11 12:00:00,111.41588966588968
2025-02-11 13:00:00,111.41465823785065
2025-02-11 14:00:00,110.9867864693446
2025-02-11 15:00:00,111.4025234025234
2025-02-11 16:00:00,111.6515580736544
2025-02-11 17:00:00,111.62921348314607
2025-02-11 18:00:00,111.5572301425662
2025-02-11 19:00:00,110.26884301488238
2025-02-11 20:00:00,110.67455083011144
2025-02-11 21:00:00,110.7728
2025-02-11 22:00:00,111.27947317699967
2025-02-11 23:00:00,110.99156777014366
2025-02-12 00:00:00,111.50283125707814
2025-02-12 01:00:00,110.12987012987011
2025-02-12 02:00:00,111.53251721499618
2025-02-12 03:00:00,111.06635273972604
2025-02-12 04:00:00,110.89277588168372
2025-02-12 05:00:00,110.83009863188038
2025-02-12 06:00:00,110.83378337833784
2025-02-12 07:00:00,110.86267500744712
2025-02-12 08:00:00,110.8813809383299
2025-02-12 09:00:00,110.8741322064594
2025-02-12 10:00:00,110.8375119009838
2025-02-12 11:00:00,110.45324840764331
2025-02-12 12:00:00,111.0186119873817
2025-02-12 13:00:00,111.00233800935204
2025-02-12 14:00:00,111.06489769820972
2025-02-12 15:00:00,111.080779054917
2025-02-12 16:00:00,110.9830873308733
2025-02-12 17:00:00,112.02826379542395
2025-02-12 18:00:00,112.04481707317072
2025-02-12 19:00:00,111.948406676783
2025-02-12 20:00:00,111.94202412868631
2025-02-12 21:00:00,111.5586703051352
2025-02-12 22:00:00,112.01479046836484
2025-02-12 23:00:00,111.5529001742594
2025-02-13 00:00:00,111.97617629541394
2025-02-13 01:00:00,111.9817679558011
2025-02-13 02:00:00,111.58195072900956
2025-02-13 03:00:00,112.0085251491901
2025-02-13 04:00:00,111.647577092511
2025-02-13 05:00:00,110.89271417133708
2025-02-13 06:00:00,110.42759718117756
2025-02-13 07:00:00,110.8485003845168
2025-02-13 08:00:00,110.4184710561202
2025-02-13 09:00:00,110.39866962305987
2025-02-13 10:00:00,110.85194355038377
2025-02-13 11:00:00,111.98231685312162
2025-02-13 12:00:00,111.20365058670144
2025-02-13 13:00:00,111.52603550295858
2025-02-13 14:00:00,111.2388004442799
2025-02-13 15:00:00,111.27836172526278
2025-02-13 16:00:00,111.26274104683196
2025-02-13 17:00:00,111.25360977415772
2025-02-13 18:00:00,110.49295774647888
2025-02-13 19:00:00,111.28181482847658
2025-02-13 20:00:00,111.23329721921272
2025-02-13 21:00:00,111.3116295264624
2025-02-13 22:00:00,112.2268778742974
2025-02-13 23:00:00,112.1006289308176
2025-02-14 00:00:00,112.03848750844024
2025-02-14 01:00:00,112.1537744641193
2025-02-14 02:00:00,112.15368746776689
2025-02-14 03:00:00,112.33226152197211
2025-02-14 04:00:00,110.63303941908714
2025-02-14 05:00:00,111.2694403169886
2025-02-14 06:00:00,110.42005730659024
