Type,adjusted_time_hours,Price
ask,0.0,259.05878408582925
ask,1.0,257.9227330779055
ask,2.0,266.82758620689657
ask,3.0,280.1764705882353
ask,4.0,283.9264367816092
ask,5.0,278.4917452830189
ask,6.0,278.9537037037037
ask,7.0,280.33516483516485
ask,8.0,289.7334061731767
ask,9.0,297.9833667909378
ask,10.0,298.20396862021227
ask,11.0,287.6097930338213
ask,12.0,290.8875207198674
ask,13.0,294.97594594594597
ask,14.0,299.9418526031102
ask,15.0,295.518771331058
ask,16.0,295.2857142857143
ask,17.0,286.1256235827664
ask,18.0,290.8489240228371
ask,19.0,300.6041734594066
ask,20.0,299.2819499341239
ask,21.0,316.0190422850742
ask,22.0,315.8773444477523
ask,23.0,308.9116809116809
ask,24.0,315.6026711185309
ask,25.0,324.65331391114347
ask,26.0,324.39647887323946
ask,27.0,326.31632653061223
ask,28.0,340.2185039370079
ask,29.0,341.8363636363636
ask,30.0,349.0
ask,31.0,361.6920529801325
ask,32.0,363.70531400966183
ask,33.0,360.27069351230426
ask,34.0,340.64285714285717
ask,35.0,336.65406976744185
ask,36.0,329.0
ask,37.0,324.48573518653984
ask,38.0,324.07702702702704
ask,39.0,315.94117647058823
ask,40.0,313.37083333333334
ask,41.0,317.66234967622574
ask,42.0,311.43162605668823
ask,43.0,312.44166666666666
ask,44.0,316.45108695652175
ask,45.0,318.49242424242425
ask,46.0,337.02450980392155
ask,47.0,337.77966101694915
ask,48.0,318.6296296296296
ask,49.0,307.92330677290835
ask,50.0,308.53467741935486
ask,51.0,316.98308026030367
ask,52.0,315.6632302405498
ask,53.0,320.89042916824917
ask,54.0,320.44070904645474
ask,55.0,312.83772480133837
ask,56.0,304.81845637583893
ask,57.0,293.80625
ask,58.0,285.16474464579903
ask,59.0,282.27272727272725
ask,60.0,293.9816076294278
ask,61.0,303.89642308536315
ask,62.0,302.47207658992477
ask,63.0,311.57496671105196
ask,64.0,312.8173007026896
ask,65.0,318.1632896305125
ask,66.0,332.39130434782606
ask,67.0,330.0462800234329
ask,68.0,327.97263157894736
ask,69.0,331.486388384755
ask,70.0,332.1050884955752
ask,71.0,327.38631346578364
ask,72.0,325.4588896697119
ask,73.0,317.92223738062756
ask,74.0,310.24949494949493
ask,75.0,318.14516129032256
ask,76.0,332.2061403508772
ask,77.0,331.5433255269321
ask,78.0,327.2834224598931
ask,79.0,317.6049515608181
ask,80.0,315.84229390681
ask,81.0,300.09285714285716
ask,82.0,308.8792415169661
ask,83.0,306.85289990645464
ask,84.0,309.8145679600095
ask,85.0,303.78702327885094
ask,86.0,294.59026369168356
ask,87.0,293.1841085271318
ask,88.0,302.24531459170015
ask,89.0,292.03227472243736
ask,90.0,289.6555296555297
ask,91.0,284.4242031614408
ask,92.0,278.65245901639344
ask,93.0,275.3377916903813
ask,94.0,280.7995724211652
ask,95.0,282.5157232704403
ask,96.0,283.6610229276896
ask,97.0,279.96769562096193
ask,98.0,288.4488228004957
ask,99.0,298.114766641163
ask,100.0,302.5784795321637
ask,101.0,306.46878727634197
ask,102.0,321.43004496165037
ask,103.0,330.6476021314387
ask,104.0,333.4431330472103
ask,105.0,325.77367205542726
ask,106.0,340.20327552986515
ask,107.0,328.3954248366013
ask,108.0,331.34647887323945
ask,109.0,336.36016260162603
ask,110.0,348.96385542168673
ask,111.0,355.21940928270044
ask,112.0,367.1818181818182
ask,113.0,367.043630017452
ask,114.0,360.15230312035663
ask,115.0,350.2736842105263
ask,116.0,342.016091954023
ask,117.0,340.3164983164983
ask,118.0,322.19172413793103
ask,119.0,312.843912591051
ask,120.0,312.3550600343053
ask,121.0,313.03171247357295
ask,122.0,310.6423149905123
ask,123.0,300.9506849315068
ask,124.0,294.7667984189723
ask,125.0,298.16823193140056
ask,126.0,291.8670212765957
ask,127.0,287.9522471910112
ask,128.0,283.30932971014494
ask,129.0,281.9935447656469
ask,130.0,276.5173761946134
ask,131.0,287.27738095238095
ask,132.0,285.2939414114514
ask,133.0,284.13751668891854
ask,134.0,285.8821335322641
ask,135.0,285.37735849056605
ask,136.0,289.3501893517487
ask,137.0,294.39943342776206
ask,138.0,302.12483504882556
ask,139.0,301.425681143782
ask,140.0,294.03190546528805
ask,141.0,296.4307655387569
ask,142.0,286.6844564682735
ask,143.0,290.0574302401038
ask,144.0,287.4586624539231
ask,145.0,285.72907348242813
ask,146.0,299.43408459401047
ask,147.0,297.71103117505993
ask,148.0,307.1810207336523
ask,149.0,322.9633027522936
ask,150.0,326.1034482758621
ask,151.0,335.56140350877195
ask,152.0,340.4988290398126
ask,153.0,355.20416666666665
ask,154.0,345.6842105263158
ask,155.0,339.62489694971146
ask,156.0,327.38039215686274
ask,157.0,327.5432497978981
ask,158.0,329.72544080604536
ask,159.0,345.32307692307694
ask,160.0,356.6967213114754
ask,161.0,348.13217623497997
ask,162.0,340.3673469387755
ask,163.0,343.8169014084507
ask,164.0,333.05227882037536
ask,165.0,328.1672012830794
ask,166.0,306.7973484848485
ask,167.0,305.4132762312634
ask,168.0,304.78171091445427
ask,169.0,305.6485623003195
ask,170.0,298.27638190954775
ask,171.0,297.1587301587302
ask,172.0,299.36296296296297
ask,173.0,304.9293598233996
ask,174.0,309.49285714285713
ask,175.0,304.1923436041083
ask,176.0,298.35597826086956
ask,177.0,307.54841549295776
ask,178.0,311.68594594594595
ask,179.0,304.03776978417267
ask,180.0,307.3067061143984
ask,181.0,309.2838317283325
ask,182.0,310.84573337382324
ask,183.0,300.1071805702218
ask,184.0,300.4438144329897
ask,185.0,295.7932489451477
ask,186.0,296.526364764268
ask,187.0,306.9562326869806
ask,188.0,313.12486855941114
ask,189.0,325.2551293487957
ask,190.0,324.07244052392406
ask,191.0,329.3801188903567
ask,192.0,337.2358113509193
ask,193.0,341.6450930626058
ask,194.0,348.5368075801749
ask,195.0,353.83977900552486
ask,196.0,350.5996758508914
ask,197.0,342.69323050556983
ask,198.0,333.6782334384858
ask,199.0,321.15277777777777
ask,200.0,322.4559118236473
ask,201.0,330.5104895104895
ask,202.0,343.27225130890054
ask,203.0,342.18558951965065
ask,204.0,329.37221727515583
ask,205.0,310.18436703483434
ask,206.0,310.0338345864662
ask,207.0,306.5808383233533
ask,208.0,299.4500792393027
ask,209.0,294.048
ask,210.0,288.3108856088561
ask,211.0,282.4909290819131
ask,212.0,269.2904085257549
ask,213.0,282.8627261761158
ask,214.0,286.71131713554985
ask,215.0,296.1458658346334
ask,216.0,295.2179580014482
ask,217.0,295.24739742804655
ask,218.0,298.00913580246913
ask,219.0,304.26974514256875
ask,220.0,301.90956142740396
ask,221.0,293.6362098138748
ask,222.0,309.5861456483126
ask,223.0,316.8621444201313
ask,224.0,311.45512820512823
ask,225.0,320.5230263157895
ask,226.0,317.82941176470587
ask,227.0,310.0324074074074
ask,228.0,301.4459833795014
ask,229.0,301.8299259259259
ask,230.0,305.3806451612903
ask,231.0,306.54152933421227
ask,232.0,308.80219206680584
ask,233.0,317.83534136546183
ask,234.0,318.8054996646546
ask,235.0,328.6001186591516
ask,236.0,325.6167960479887
ask,237.0,321.6933333333333
ask,238.0,314.6796246648794
ask,239.0,321.36120514556535
ask,240.0,324.16521739130434
ask,241.0,319.77707581227435
ask,242.0,323.70319634703196
ask,243.0,322.4555841188232
ask,244.0,323.59799291617475
ask,245.0,332.6445630081301
ask,246.0,331.34971098265896
ask,247.0,318.8787185354691
ask,248.0,322.2605233219568
ask,249.0,307.0322164948454
ask,250.0,292.9072164948454
ask,251.0,288.7142857142857
ask,252.0,295.4474123539232
ask,253.0,289.52920143027416
ask,254.0,290.4551368326604
ask,255.0,281.4862492685781
ask,256.0,287.05876460767945
ask,257.0,290.57435090479936
ask,258.0,292.58668484435356
ask,259.0,282.09200096084555
ask,260.0,277.8545751633987
ask,261.0,284.1565234299047
ask,262.0,287.35433312845726
ask,263.0,288.0470338983051
ask,264.0,276.4397797660014
ask,265.0,285.4057848918843
ask,266.0,283.2957918276072
ask,267.0,282.0380715911442
ask,268.0,280.3000934870676
ask,269.0,290.0780634700023
ask,270.0,291.54215304798964
ask,271.0,291.7730938416422
ask,272.0,294.016531241244
ask,273.0,292.92894152479647
ask,274.0,298.6736149204608
ask,275.0,303.45391705069125
ask,276.0,306.1712574850299
ask,277.0,311.4484101232966
ask,278.0,318.84638554216866
ask,279.0,331.63761801016705
ask,280.0,330.24473420260784
ask,281.0,329.65417201540436
ask,282.0,315.47650635710335
ask,283.0,321.244489657511
ask,284.0,312.33749220212104
ask,285.0,308.24615384615385
ask,286.0,310.09747817652766
ask,287.0,311.5309882747069
ask,288.0,314.61561338289965
ask,289.0,315.6083916083916
ask,290.0,320.70758122743683
ask,291.0,302.29411764705884
ask,292.0,286.19250425894376
ask,293.0,282.9042288557214
ask,294.0,274.86879100281163
ask,295.0,272.9501223990208
ask,296.0,264.16796478157806
ask,297.0,260.37775330396477
ask,298.0,260.94406061956767
ask,299.0,256.7872068230277
ask,300.0,254.61122448979592
ask,301.0,258.513452407868
ask,302.0,256.92705341757613
ask,303.0,272.41788829096305
ask,304.0,270.8290441176471
ask,305.0,276.941102494236
ask,306.0,265.13377926421407
ask,307.0,264.7562715199213
ask,308.0,261.96193327630453
ask,309.0,257.5776793132096
ask,310.0,261.32264063226404
ask,311.0,257.75743026977597
ask,312.0,260.9420533782159
ask,313.0,257.74457572502683
ask,314.0,247.9942981265273
ask,315.0,260.61396859772606
ask,316.0,270.6887248663782
ask,317.0,275.95931353644426
ask,318.0,283.4469006381039
ask,319.0,285.96030953569647
ask,320.0,296.3498164543295
ask,321.0,298.7885380116959
ask,322.0,299.5401301518438
ask,323.0,299.78839667191363
ask,324.0,309.1042133572389
ask,325.0,303.55551134102666
ask,326.0,307.69739952718675
ask,327.0,299.8542199488491
ask,328.0,312.1306098964327
ask,329.0,318.3664570230608
ask,330.0,317.13721461187214
ask,331.0,306.72478540772534
ask,332.0,302.17261904761904
ask,333.0,303.3982011447261
ask,334.0,295.3238731218698
ask,335.0,288.55300520586843
ask,336.0,278.73542720255523
ask,337.0,280.5769230769231
ask,338.0,281.0803701899659
ask,339.0,275.1055172413793
ask,340.0,270.3856566820277
ask,341.0,266.85651793525807
ask,342.0,262.6910377358491
ask,343.0,253.64192761285076
ask,344.0,256.755789956432
ask,345.0,258.54663951120165
ask,346.0,252.89476885644768
ask,347.0,238.4189189189189
ask,348.0,251.31219092668243
ask,349.0,252.95674352173026
ask,350.0,251.83630686886707
ask,351.0,251.86920497139477
ask,352.0,249.89869513641756
ask,353.0,245.29465161923454
ask,354.0,247.54907749077492
ask,355.0,252.71797727779014
ask,356.0,255.4605684547638
ask,357.0,262.8022265880812
ask,358.0,262.035838150289
ask,359.0,278.31779435269044
ask,360.0,273.89047866805413
ask,361.0,279.8564760793466
ask,362.0,277.1650866296175
ask,363.0,277.5896147403685
ask,364.0,278.86008230452677
ask,365.0,280.03027556200146
ask,366.0,262.12139917695475
ask,367.0,275.73602630342884
ask,368.0,265.0256906077348
ask,369.0,266.54984817813767
ask,370.0,264.97251979506285
ask,371.0,260.59882903981264
ask,372.0,259.13894639981595
ask,373.0,256.78878458498025
ask,374.0,251.23050326546291
ask,375.0,244.47759070429214
ask,376.0,242.6049766718507
ask,377.0,240.53467336683417
ask,378.0,240.55184804928132
ask,379.0,236.24612773180564
ask,380.0,229.52774049217
ask,381.0,216.09331259720062
ask,382.0,214.88605512134924
ask,383.0,215.93972286374134
ask,384.0,212.759662372279
ask,385.0,210.21553127179726
ask,386.0,210.25393258426968
ask,387.0,211.38817005545286
ask,388.0,210.3536010769576
ask,389.0,211.38391640163562
ask,390.0,212.58647140864713
ask,391.0,211.29438717067583
ask,392.0,211.22344665885112
ask,393.0,210.1888729703916
ask,394.0,212.2565507384469
ask,395.0,211.36188436830835
ask,396.0,208.84995586937333
ask,397.0,208.47301748163162
ask,398.0,210.59739633558343
ask,399.0,209.80014605647517
ask,400.0,210.17088122605364
ask,401.0,213.17823923858967
ask,402.0,216.92162162162163
ask,403.0,217.56908881199539
ask,404.0,220.68889343424013
ask,405.0,228.58048887910152
ask,406.0,225.19019518837948
ask,407.0,232.00450045004501
ask,408.0,231.85620107128142
ask,409.0,227.10391534391533
ask,410.0,229.9158620689655
ask,411.0,229.95323444581788
ask,412.0,228.02773722627737
ask,413.0,232.3304603741854
ask,414.0,226.81288488867835
ask,415.0,224.28002005515168
ask,416.0,222.6371020856202
ask,417.0,228.28866681807858
ask,418.0,221.97540353574175
ask,419.0,224.6065052580093
ask,420.0,220.16199158485273
ask,421.0,212.89036962534573
ask,422.0,212.6174198080075
ask,423.0,208.60710808179164
ask,424.0,197.8621373667245
ask,425.0,195.67346481398476
ask,426.0,193.08446195518346
ask,427.0,192.74646253769427
ask,428.0,196.17263693089902
ask,429.0,197.99837247151825
ask,430.0,196.88630609896433
ask,431.0,195.22393730705295
ask,432.0,194.9342956694873
ask,433.0,198.36170212765958
ask,434.0,199.87432337020476
ask,435.0,196.77459333849728
ask,436.0,198.59418862349176
ask,437.0,196.05295007564297
ask,438.0,195.53558476881233
ask,439.0,195.81606406212086
ask,440.0,191.95220966084275
ask,441.0,194.25024557956777
ask,442.0,193.38341968911917
ask,443.0,194.62359906957073
ask,444.0,196.40502131691142
ask,445.0,199.84988913525498
ask,446.0,202.8546287367406
ask,447.0,210.32193158953723
ask,448.0,209.63038079470198
ask,449.0,213.6791350087668
ask,450.0,215.73136246786632
ask,451.0,217.0502112851106
ask,452.0,214.71435069365475
ask,453.0,210.709375
ask,454.0,212.36577260859247
ask,455.0,214.67107195301028
ask,456.0,213.98818025116967
ask,457.0,211.35771276595744
ask,458.0,208.0574523192842
ask,459.0,204.0217339383807
ask,460.0,200.0687243790692
ask,461.0,195.04707631318138
ask,462.0,191.42171344165436
ask,463.0,187.52179327521793
ask,464.0,182.74537148352968
ask,465.0,181.69375736160188
ask,466.0,182.30464480874318
ask,467.0,182.15690235690235
ask,468.0,177.9118106139438
ask,469.0,177.262189292543
ask,470.0,179.83603476626732
ask,471.0,176.9260375608625
ask,472.0,178.3997668997669
ask,473.0,172.26298394711992
ask,474.0,170.2057532910775
ask,475.0,169.9070796460177
ask,476.0,166.63126491646779
ask,477.0,168.7998496993988
ask,478.0,169.41761579347002
ask,479.0,171.6192818494835
ask,480.0,168.92916766038636
ask,481.0,167.49307913293288
ask,482.0,169.59919507575756
ask,483.0,167.48192771084337
ask,484.0,168.69249049429658
ask,485.0,166.81051401869158
ask,486.0,164.9961786481968
ask,487.0,163.22224874671758
ask,488.0,160.51046025104603
ask,489.0,155.42126623376623
ask,490.0,154.94990079365078
ask,491.0,154.45920903954803
ask,492.0,152.2662611137108
ask,493.0,149.33837561089132
ask,494.0,147.32559861762527
ask,495.0,148.30977734753145
ask,496.0,148.86831683168316
ask,497.0,146.27491733585262
ask,498.0,149.41011764705883
ask,499.0,149.45813148788926
ask,500.0,148.49005847953217
ask,501.0,148.48979591836735
ask,502.0,151.40753178220197
ask,503.0,154.5572618427902
ask,504.0,154.46312971525919
ask,505.0,149.98216528510426
ask,506.0,149.68326848249026
ask,507.0,149.1043211454871
ask,508.0,150.425907000511
ask,509.0,150.9882669274016
ask,510.0,151.79008016032063
ask,511.0,153.959488787075
ask,512.0,151.74484356894553
ask,513.0,152.52096236303
ask,514.0,152.58072916666666
ask,515.0,152.74371491335123
ask,516.0,152.61889085844518
ask,517.0,151.33661902414983
ask,518.0,153.36322049405305
ask,519.0,155.85235702321128
ask,520.0,157.09266215877787
ask,521.0,156.1434150574962
ask,522.0,154.6654019445103
ask,523.0,154.86061472480344
ask,524.0,157.75676982591875
ask,525.0,159.25469232596816
ask,526.0,156.63764434180138
ask,527.0,154.82186335403728
ask,528.0,154.38071547026772
ask,529.0,153.73500870863398
ask,530.0,153.29808885579547
ask,531.0,150.8095838587642
ask,532.0,150.57745398773005
ask,533.0,151.50873253493015
ask,534.0,149.6331346841478
ask,535.0,149.0271674935034
ask,536.0,151.46755680487234
ask,537.0,149.3956350127699
ask,538.0,147.5375029954469
ask,539.0,146.73895781637717
ask,540.0,147.55169082125605
ask,541.0,146.78862606945142
ask,542.0,146.14249233912156
ask,543.0,146.4006833712984
ask,544.0,146.54486316733963
ask,545.0,147.93402609956502
ask,546.0,148.76437587657784
ask,547.0,150.31312375249502
ask,548.0,150.83313325330133
ask,549.0,153.59460141271444
ask,550.0,157.02231237322516
ask,551.0,159.9624685138539
ask,552.0,159.7867764813544
ask,553.0,159.10876747141043
ask,554.0,160.86571798188874
ask,555.0,159.84581497797356
ask,556.0,160.78011103065413
ask,557.0,160.56330570902395
ask,558.0,161.4785875281743
ask,559.0,161.63795083850218
ask,560.0,163.22081686429513
ask,561.0,165.074451584312
ask,562.0,168.2015181194907
ask,563.0,166.43398058252427
ask,564.0,164.9062119366626
ask,565.0,163.3963627885288
ask,566.0,160.23912003825922
ask,567.0,158.94673833374054
ask,568.0,159.25173986081114
ask,569.0,155.60796945836316
ask,570.0,156.17193579766536
ask,571.0,157.4336863338376
ask,572.0,157.12596465023648
ask,573.0,163.04541086016337
ask,574.0,163.80150187734668
ask,575.0,164.42095391211146
ask,576.0,170.8913043478261
ask,577.0,170.2905477980666
ask,578.0,167.97868396663577
ask,579.0,169.06105118200597
ask,580.0,166.89425618841625
ask,581.0,168.68952075212107
ask,582.0,166.84921014839637
ask,583.0,165.13383072977385
ask,584.0,164.77914252607184
ask,585.0,164.57288382245937
ask,586.0,162.31998322499476
ask,587.0,161.40144623279681
ask,588.0,161.59205266870444
ask,589.0,157.48731214584873
ask,590.0,157.28060854865976
ask,591.0,155.5335069855553
ask,592.0,151.91970278044104
ask,593.0,151.017843866171
ask,594.0,147.2128805620609
ask,595.0,143.99467312348668
ask,596.0,146.4036203522505
ask,597.0,146.87541846006695
ask,598.0,145.95019436345967
ask,599.0,144.32993110487368
ask,600.0,146.74926108374385
ask,601.0,145.32680047225503
ask,602.0,146.4005961935336
ask,603.0,145.9558893657606
ask,604.0,148.4075750357313
ask,605.0,151.8836571998007
ask,606.0,150.46635674088574
ask,607.0,151.9258584807492
ask,608.0,156.8926963481741
ask,609.0,155.09234053909793
ask,610.0,155.97089552238805
ask,611.0,158.15728351426407
ask,612.0,154.7380845323741
ask,613.0,152.9861003861004
ask,614.0,151.73719806763285
ask,615.0,149.2716777834787
ask,616.0,146.86884854276158
ask,617.0,147.2959981600736
ask,618.0,147.50205562273277
ask,619.0,145.10780580675868
ask,620.0,146.685618729097
ask,621.0,148.42751549833096
ask,622.0,149.49098693105003
ask,623.0,148.17001028806584
ask,624.0,149.64764860348532
ask,625.0,152.50587964030436
ask,626.0,149.92477668077103
ask,627.0,148.23491379310346
ask,628.0,150.61607554122523
ask,629.0,150.35819793205317
ask,630.0,152.29725
ask,631.0,150.82206498951783
ask,632.0,151.11240694789083
ask,633.0,153.69125549584757
ask,634.0,156.76594167078596
ask,635.0,157.5196609371321
ask,636.0,158.08476312419975
ask,637.0,160.97683889030287
ask,638.0,158.80387185987556
ask,639.0,159.687369519833
ask,640.0,159.24744964687417
ask,641.0,159.9222731906218
ask,642.0,165.82630937880634
ask,643.0,165.94312911886746
ask,644.0,165.02202643171807
ask,645.0,164.18231046931407
ask,646.0,178.63254837957567
ask,647.0,178.54262616364528
ask,648.0,181.6059375792946
ask,649.0,185.75351327236226
ask,650.0,185.21574803149608
ask,651.0,184.85
ask,652.0,185.55467980295566
ask,653.0,185.93504030346136
ask,654.0,184.99677819083024
ask,655.0,182.32910775231593
ask,656.0,183.23174454097207
ask,657.0,180.30937648738697
ask,658.0,176.79337782340863
ask,659.0,180.41078021166626
ask,660.0,179.8476821192053
ask,661.0,178.81690476190477
ask,662.0,177.03495440729483
ask,663.0,173.6547475235564
ask,664.0,173.94477172312224
ask,665.0,172.93865030674846
ask,666.0,173.43498706795202
ask,667.0,174.5369517809547
ask,668.0,173.29124656278643
ask,669.0,169.2514450867052
ask,670.0,169.1213803088803
ask,671.0,170.06238229755178
ask,672.0,169.26425269645608
ask,673.0,167.82227848101266
ask,674.0,167.08764940239044
ask,675.0,165.24530436750396
ask,676.0,162.3707424650821
ask,677.0,161.14560113824993
ask,678.0,162.921753875969
ask,679.0,160.35450027609056
ask,680.0,160.5193181818182
ask,681.0,163.1464887993959
ask,682.0,168.56638189794504
ask,683.0,171.30349085727855
ask,684.0,171.96587112171838
ask,685.0,172.0467678746327
ask,686.0,174.0368820298195
ask,687.0,176.92538011695908
ask,688.0,181.4123735050598
ask,689.0,186.83149753925474
ask,690.0,185.40451427306925
ask,691.0,186.25531914893617
ask,692.0,187.9229726677208
ask,693.0,188.34779676258992
ask,694.0,188.13054412437128
ask,695.0,186.3428366075707
ask,696.0,186.12735300952824
ask,697.0,189.210786739238
ask,698.0,191.66558522585476
ask,699.0,191.1601075531655
ask,700.0,194.29188255613127
ask,701.0,191.9672993368397
ask,702.0,188.95924841386042
ask,703.0,192.16588147780809
ask,704.0,195.93451637090726
ask,705.0,194.86304496690252
ask,706.0,192.44134432466709
ask,707.0,186.87621696801114
ask,708.0,187.83152289669863
ask,709.0,190.25121520106055
ask,710.0,196.2701769529564
ask,711.0,193.89761904761906
ask,712.0,193.90336516598452
ask,713.0,190.91897891231966
ask,714.0,188.5218181818182
ask,715.0,185.3233830845771
ask,716.0,184.47578692493946
ask,717.0,187.29281411359725
ask,718.0,193.2791833111407
ask,719.0,195.05583964000817
ask,720.0,194.48325358851676
ask,721.0,198.1026794445531
ask,722.0,200.1034595300261
ask,723.0,218.04174416201695
ask,724.0,217.14188422247446
ask,725.0,215.7176262527019
ask,726.0,213.98613951374688
ask,727.0,208.29943502824858
ask,728.0,204.39851380042464
ask,729.0,208.05956932984503
ask,730.0,208.3207192138825
ask,731.0,204.4342492639843
ask,732.0,199.30610743193526
ask,733.0,197.15840924239058
ask,734.0,195.06140567200987
ask,735.0,193.7564226854096
ask,736.0,187.60116337885685
ask,737.0,186.70180866254165
ask,738.0,186.21257980610073
ask,739.0,184.66130144860887
ask,740.0,184.4419331570089
ask,741.0,182.75204765450485
ask,742.0,182.3452067893856
ask,743.0,179.25148771021992
ask,744.0,179.88404133180254
ask,745.0,177.64290805416962
ask,746.0,178.36058648111333
ask,747.0,178.66582103321034
ask,748.0,176.24994288325337
ask,749.0,176.18490066225166
ask,750.0,175.25156132900324
ask,751.0,175.1935143685737
ask,752.0,176.07005461885538
ask,753.0,175.9405756731662
ask,754.0,172.88930071658018
ask,755.0,172.42335025380711
ask,756.0,172.70338776504997
ask,757.0,174.97848191061718
ask,758.0,175.21188446969697
ask,759.0,175.88676083313382
ask,760.0,177.1428928303772
ask,761.0,175.67243083003953
ask,762.0,175.7407027442934
ask,763.0,176.93013698630136
ask,764.0,178.17214471506267
ask,765.0,177.83936324167874
ask,766.0,177.37340210809597
ask,767.0,173.21395939086295
ask,768.0,171.63728727457456
ask,769.0,169.17536231884057
ask,770.0,170.1261523532266
ask,771.0,165.72979552093477
ask,772.0,164.6695258517989
ask,773.0,162.89088937093277
ask,774.0,159.2866323907455
ask,775.0,157.0927988121752
ask,776.0,155.66949563530554
ask,777.0,151.86226231106778
ask,778.0,151.80146537461593
ask,779.0,151.95566265060242
ask,780.0,153.69021739130434
ask,781.0,149.647171620326
ask,782.0,149.58345498783456
ask,783.0,150.71212883744337
ask,784.0,151.45963060686015
ask,785.0,151.8157070585401
ask,786.0,148.8486609398686
ask,787.0,144.1283653846154
ask,788.0,146.60754899588676
ask,789.0,146.33265765765765
ask,790.0,144.77524659464538
ask,791.0,145.9399098647972
ask,792.0,144.97388247112005
ask,793.0,143.66121842496284
ask,794.0,142.90201005025125
ask,795.0,142.80020597322348
ask,796.0,141.74734982332154
ask,797.0,141.13908533710514
ask,798.0,139.80426129712012
ask,799.0,141.9554011653967
ask,800.0,140.51170009551097
ask,801.0,138.23533535872866
ask,802.0,138.65932243544185
ask,803.0,138.69956083699302
ask,804.0,142.88222276862552
ask,805.0,143.33238501659554
ask,806.0,146.1416687673305
ask,807.0,147.26731996353692
ask,808.0,146.65340474368784
ask,809.0,145.76956839795173
ask,810.0,146.84720584767743
ask,811.0,147.71081628063862
ask,812.0,147.3978395771087
ask,813.0,146.82837967401727
ask,814.0,148.2988065750957
ask,815.0,148.1579079708323
ask,816.0,149.83875598086124
ask,817.0,146.91744312026003
ask,818.0,145.7331651954603
ask,819.0,145.29146459747818
ask,820.0,143.647301895965
ask,821.0,141.35298544907175
ask,822.0,140.94078509647372
ask,823.0,141.2560975609756
ask,824.0,140.36299100804544
ask,825.0,139.35162401574803
ask,826.0,138.27761557177615
ask,827.0,138.33019827147942
ask,828.0,138.42867943548387
ask,829.0,136.78723932472693
ask,830.0,138.2973174366617
ask,831.0,137.40577290076337
ask,832.0,136.61768431720293
ask,833.0,136.30568774076593
ask,834.0,137.11849153631883
ask,835.0,134.98080279232113
ask,836.0,133.7147619047619
ask,837.0,131.98673801768265
ask,838.0,134.1793573943662
ask,839.0,134.97919293820934
ask,840.0,132.63223824155045
ask,841.0,134.1626476377953
ask,842.0,134.97653890824623
ask,843.0,132.78691774033697
ask,844.0,134.7877024291498
ask,845.0,136.45448211797492
ask,846.0,138.14985163204747
ask,847.0,139.14055080721747
ask,848.0,136.98893916540976
ask,849.0,136.4188118811881
ask,850.0,135.18410718410718
ask,851.0,136.19087947882736
ask,852.0,132.49635220125785
ask,853.0,131.7471264367816
ask,854.0,128.8360097323601
ask,855.0,130.33515309755518
ask,856.0,129.25991189427313
ask,857.0,129.2871769868357
ask,858.0,126.97354771784232
ask,859.0,127.59599820143885
ask,860.0,127.13528722157092
ask,861.0,124.3684967633661
ask,862.0,125.06565290852039
ask,863.0,127.7637687756031
ask,864.0,125.42341250605914
ask,865.0,127.00415953021776
ask,866.0,126.40354660915409
ask,867.0,124.98052268244577
ask,868.0,125.3967213114754
ask,869.0,124.66595441595442
ask,870.0,122.04855072463768
ask,871.0,121.65413891531874
ask,872.0,120.80554907903941
ask,873.0,120.09207346544224
ask,874.0,121.60048367593713
ask,875.0,121.14639961850263
ask,876.0,120.22071733132681
ask,877.0,120.32748839608045
ask,878.0,118.81769092311649
ask,879.0,118.97369765066394
ask,880.0,119.27795294688333
ask,881.0,119.24933814681107
ask,882.0,120.48293553424047
ask,883.0,117.73384311790824
ask,884.0,117.45638489208633
ask,885.0,119.08132820019249
ask,886.0,117.66512595331639
ask,887.0,119.49195837275307
ask,888.0,119.13191586648377
ask,889.0,117.5996705107084
ask,890.0,118.95808944041208
ask,891.0,118.64883499762244
ask,892.0,116.12272928666371
ask,893.0,116.296630859375
ask,894.0,118.3311339198436
ask,895.0,118.67351933431229
ask,896.0,118.98586411308709
ask,897.0,118.7798713235294
ask,898.0,119.46578690127077
ask,899.0,120.97674981835796
ask,900.0,119.6511394941147
ask,901.0,118.5974537037037
ask,902.0,121.34080389768575
ask,903.0,121.49781976744185
ask,904.0,120.89530169329835
ask,905.0,120.98243948742288
ask,906.0,120.43850267379679
ask,907.0,120.10951239008793
ask,908.0,119.86824498198662
ask,909.0,120.54004954582989
ask,910.0,120.74306569343065
ask,911.0,121.03274760383387
ask,912.0,118.99475262368816
ask,913.0,119.49906103286385
ask,914.0,120.38511095204008
ask,915.0,118.89267676767676
ask,916.0,120.40503597122301
ask,917.0,120.69897959183673
ask,918.0,119.86129858040493
ask,919.0,121.01775005996642
ask,920.0,121.47264260768335
ask,921.0,120.22809278350516
ask,922.0,120.1784702549575
ask,923.0,120.76241220634536
ask,924.0,120.88199544188402
ask,925.0,121.55555555555556
ask,926.0,121.67772511848341
ask,927.0,121.60701152243197
ask,928.0,121.36145806780524
ask,929.0,121.67617408409147
ask,930.0,121.70246238030096
ask,931.0,118.89539322982948
ask,932.0,120.83999060150376
ask,933.0,119.95757436015678
ask,934.0,119.32140350877194
ask,935.0,119.6871591472484
ask,936.0,118.70372208436724
ask,937.0,120.2782874617737
ask,938.0,120.03430656934306
ask,939.0,120.64535731648031
ask,940.0,119.26543522267207
ask,941.0,119.91085549964055
ask,942.0,117.8521498617048
ask,943.0,117.93233434792789
ask,944.0,118.49182389937107
ask,945.0,119.57745779543198
ask,946.0,118.9616214919645
ask,947.0,119.35878962536023
ask,948.0,117.83690476190476
ask,949.0,117.3249279538905
ask,950.0,117.25709351097952
ask,951.0,117.21407260069617
ask,952.0,117.1256880733945
ask,953.0,116.99275724275724
ask,954.0,116.93214019388516
ask,955.0,117.45928500496524
ask,956.0,117.14945919370697
ask,957.0,117.47195453422287
ask,958.0,117.01822541966426
ask,959.0,116.3251256281407
ask,960.0,116.49502306385045
ask,961.0,115.73134328358209
ask,962.0,116.55357584756248
ask,963.0,117.66195856873823
ask,964.0,118.52894675656825
ask,965.0,116.60198163363944
ask,966.0,118.33770161290323
ask,967.0,119.03733459357278
ask,968.0,117.00991267406184
ask,969.0,118.62763915547025
ask,970.0,117.86710881847212
ask,971.0,118.82037343417632
ask,972.0,116.19507530480516
ask,973.0,117.0746745271432
ask,974.0,116.17363721804512
ask,975.0,116.5672888015717
ask,976.0,116.80545229244115
ask,977.0,115.91194523135033
ask,978.0,115.86134663341646
ask,979.0,116.75819032761311
ask,980.0,116.48442740776234
ask,981.0,115.91165908546805
ask,982.0,115.24466636404902
ask,983.0,115.04780777805301
ask,984.0,115.87573673870334
ask,985.0,114.917055469155
ask,986.0,113.70070921985815
ask,987.0,113.7629268292683
ask,988.0,115.20254957507082
ask,989.0,115.37276245766812
ask,990.0,115.58071135430916
ask,991.0,115.47814685314685
ask,992.0,115.913924654268
ask,993.0,117.23532048408785
ask,994.0,115.78582502768549
ask,995.0,116.15155585404074
ask,996.0,115.65106281347026
ask,997.0,115.81658404686796
ask,998.0,115.03380741431569
ask,999.0,115.89332431213352
ask,1000.0,115.85869319466426
ask,1001.0,113.19706601466993
ask,1002.0,115.31928294573643
ask,1003.0,113.14808085396321
ask,1004.0,116.09256274464656
ask,1005.0,114.1816863976806
ask,1006.0,116.21150144369587
ask,1007.0,115.91359964093357
ask,1008.0,114.37445339470656
ask,1009.0,114.76603955619875
ask,1010.0,114.94710442316462
ask,1011.0,114.83135059482156
ask,1012.0,113.1936749203236
ask,1013.0,114.0146212847555
ask,1014.0,115.77869385983945
ask,1015.0,114.7283276450512
ask,1016.0,114.0948172916169
ask,1017.0,114.13196069255966
ask,1018.0,114.41800720288116
ask,1019.0,113.70238360436623
ask,1020.0,115.51080078551168
ask,1021.0,112.2804054054054
ask,1022.0,114.69022666341701
ask,1023.0,113.88536409516944
ask,1024.0,115.68740245261985
ask,1025.0,113.58633598502574
ask,1026.0,115.69903614457832
ask,1027.0,115.38475581926062
ask,1028.0,114.12218268090155
ask,1029.0,115.59930232558139
ask,1030.0,115.22244640605297
ask,1031.0,114.22345708205249
ask,1032.0,115.02929493545184
ask,1033.0,115.79409647228222
ask,1034.0,113.67416267942583
ask,1035.0,115.42577030812325
ask,1036.0,115.16425120772946
ask,1037.0,113.54582050674875
ask,1038.0,113.0200337919382
ask,1039.0,115.17599631421332
ask,1040.0,114.44235676177222
ask,1041.0,112.85606949988261
ask,1042.0,115.28729963008631
ask,1043.0,115.06058301647656
ask,1044.0,113.32485136741974
ask,1045.0,115.31176470588235
ask,1046.0,113.4435946462715
ask,1047.0,113.70079476390836
ask,1048.0,113.90575370997136
ask,1049.0,114.93844079982027
ask,1050.0,114.08295589988082
ask,1051.0,112.77656104380242
ask,1052.0,114.17139423076924
ask,1053.0,114.1984572230014
ask,1054.0,114.16101099929791
ask,1055.0,113.75357056402808
ask,1056.0,116.06909258406264
ask,1057.0,115.22463945245661
ask,1058.0,115.22623992181774
ask,1059.0,115.32449554199906
ask,1060.0,113.81466577241225
ask,1061.0,114.35305164319249
ask,1062.0,114.18094782192436
